Index,User Id,First Name,Last Name,Sex,Email,Phone,Date of birth,Job Title
1,38EE520eB2ED3bA,Austin,Whitehead,Female,rhowell@example.com,089-351-0031x6790,1982-01-02,"Conservator, museum/gallery"
2,3d4e6F07F0E2Ed6,Adam,Bradshaw,Female,mathiscassie@example.org,+1-066-887-5353,1979-11-06,"Psychologist, counselling"
3,DdFBE0BC268CF84,Katelyn,Holmes,Female,hannaellen@example.com,102-258-8179,1931-04-21,Personal assistant
4,79e80C51E7dfCbf,Kirsten,Gomez,Female,javier35@example.org,961.038.8581,2010-05-04,Advertising account executive
5,7FB8F9bdfBDCDaB,Jon,Singh,Female,solischristian@example.org,094.717.6166,1976-12-16,Exercise physiologist
6,caDE34a5Db96AF5,Alexa,Weeks,Female,jesus80@example.org,310-206-5037,1975-09-06,Education administrator
7,d9E69A1d7b76dA5,Jonathan,Burgess,Male,ariana10@example.net,2038107989,1979-02-23,Aeronautical engineer
8,2635EcAa2AC1FbE,Jerry,Madden,Female,marissa04@example.net,(317)468-0071x99404,1962-09-21,Cabin crew
9,EaBb6dCCef58def,Autumn,Hale,Male,drhodes@example.org,534-077-6383,2012-10-25,Marine scientist
10,D9FBB0E09Ea83C7,Sandy,Franco,Female,mindypope@example.com,302.124.2597x0005,1994-05-04,Computer games developer
